{"train_loss":1.2095649069516796,"epoch":4,"_timestamp":1.7668561944909906e+09,"BLEU":38.82726777522234,"_wandb":{"runtime":4213},"_runtime":4213,"_step":5}