{"_timestamp":1.766849919393588e+09,"_step":5,"BLEU":3.0890553181566975,"_wandb":{"runtime":2},"_runtime":2,"train_loss":9.612893104553223,"epoch":4}