{"_step":5,"BLEU":38.82726777522234,"_wandb":{"runtime":1986},"_runtime":1986,"train_loss":1.2095649069516796,"epoch":4,"_timestamp":1.767174949829309e+09}