{"train_loss":4.130165894826253,"train/grad_norm":27.50798988342285,"_wandb":{"runtime":3},"eval/steps_per_second":14.056,"_runtime":3,"train_steps_per_second":7.776,"total_flos":1.01695094784e+12,"_step":5,"train_samples_per_second":77.758,"BLEU":44.833867003844595,"eval/loss":0.5873653292655945,"eval/samples_per_second":28.111,"train/learning_rate":0.0001666666666666667,"train/epoch":3,"train/global_step":6,"train_runtime":0.7716,"eval/runtime":0.0711,"_timestamp":1.7668444087647648e+09,"train/loss":3.0283,"val_loss":0.5873653292655945}