{"_wandb":{"runtime":3},"_runtime":3,"train_loss":8.583822250366211,"epoch":7,"_timestamp":1.7668499446693323e+09,"_step":8,"BLEU":0}