{"eval/samples_per_second":10.837,"_step":5,"train/grad_norm":Infinity,"BLEU":46.09603493497927,"val_loss":1.3395520448684692,"train_steps_per_second":1.589,"_wandb":{"runtime":20},"eval/loss":1.3395520448684692,"train/epoch":3,"train_samples_per_second":15.895,"_runtime":20,"_timestamp":1.7668513703198965e+09,"train_loss":4.3831736246744795,"total_flos":1.01695094784e+12,"train/learning_rate":0.0001666666666666667,"eval/runtime":0.1846,"train/loss":3.3376,"eval/steps_per_second":5.418,"train_runtime":3.7749,"train/global_step":6}