{"train/loss":5.0733,"train/grad_norm":Infinity,"_timestamp":1.7668513348354099e+09,"_step":3,"val_loss":4.550384044647217,"_runtime":8,"eval/steps_per_second":23.604,"total_flos":3.3898364928e+11,"train/learning_rate":0.0005,"eval/samples_per_second":47.207,"BLEU":46.09603493497927,"train_loss":5.073251724243164,"train_runtime":0.9151,"train_samples_per_second":21.855,"eval/runtime":0.0424,"train/global_step":3,"eval/loss":4.550384044647217,"train/epoch":1,"train_steps_per_second":3.278,"_wandb":{"runtime":8}}