{"train_loss":4.130165894826253,"_runtime":9,"eval/runtime":0.1378,"_timestamp":1.766849894457077e+09,"train/learning_rate":0.0001666666666666667,"train/global_step":6,"_step":5,"train_steps_per_second":4.979,"train_runtime":1.205,"train/loss":3.0283,"train/grad_norm":27.50798988342285,"train_samples_per_second":49.794,"_wandb":{"runtime":9},"train/epoch":3,"eval/samples_per_second":14.512,"val_loss":0.5873653292655945,"BLEU":44.833867003844595,"eval/loss":0.5873653292655945,"total_flos":1.01695094784e+12,"eval/steps_per_second":7.256}