{"epoch":7,"_timestamp":1.7668630031623478e+09,"BLEU":57.21248424548516,"_wandb":{"runtime":6786},"_runtime":6786,"_step":8,"train_loss":0.6611201968024495}