{"BLEU":81.90362588127202,"val_loss":0.046367816627025604,"_wandb":{"runtime":11817},"_runtime":11817,"epoch":3,"_timestamp":1.7671130575044653e+09,"_step":858,"train_loss":0.0299,"step":42879}