{"train_runtime":2304.1145,"train_samples_per_second":99.246,"train/global_step":28585,"train/epoch":1,"train/grad_norm":1.429905891418457,"train_loss":0.19216420052037783,"val_loss":0.09479419142007828,"eval/samples_per_second":316.432,"_runtime":8517,"total_flos":3.8758542999552e+15,"eval/loss":0.09479419142007828,"train/loss":0.1922,"BLEU":100.00000000000004,"eval/runtime":40.1477,"_step":3,"eval/steps_per_second":39.554,"train/learning_rate":2.2739198880531749e-07,"_timestamp":1.7671468615846026e+09,"_wandb":{"runtime":8517},"train_steps_per_second":12.406}