{"_timestamp":1.7671816190882037e+09,"BLEU":57.21248424548516,"_wandb":{"runtime":6658},"_runtime":6658,"_step":8,"train_loss":0.6611201968024495,"epoch":7}