{"_runtime":10,"train/epoch":1,"train/loss":4.635,"train/grad_norm":Infinity,"train_samples_per_second":15.303,"train_steps_per_second":2.295,"train/global_step":3,"eval/samples_per_second":26.295,"BLEU":21.401603033752966,"train_runtime":1.307,"train/learning_rate":0.0005,"train_loss":4.634963035583496,"eval/loss":5.196918487548828,"_wandb":{"runtime":10},"_step":3,"eval/steps_per_second":13.148,"val_loss":5.196918487548828,"_timestamp":1.766849870125994e+09,"eval/runtime":0.0761,"total_flos":3.3898364928e+11}