{"epoch":1,"_timestamp":1.7671170124737945e+09,"_step":1,"_wandb":{"runtime":2026},"_runtime":2026,"train_loss":1.8253914726036538,"eval_loss":1.5172402376041605}