{"eval/runtime":0.1211,"_runtime":7,"train_runtime":1.3812,"train/global_step":6,"BLEU":46.09603493497927,"train/grad_norm":Infinity,"train_steps_per_second":4.344,"train/learning_rate":0.0001666666666666667,"train/epoch":3,"train_samples_per_second":43.439,"_step":5,"_timestamp":1.766851960075047e+09,"eval/steps_per_second":8.256,"val_loss":1.3395520448684692,"_wandb":{"runtime":7},"train_loss":4.3831736246744795,"eval/samples_per_second":16.512,"total_flos":1.01695094784e+12,"eval/loss":1.3395520448684692,"train/loss":3.3376}