{"total_flos":3.3898364928e+15,"_wandb":{"runtime":4989},"_step":3,"eval/steps_per_second":16.444,"BLEU":44.980624668364484,"train_runtime":3957.8774,"train_steps_per_second":6.317,"train/epoch":1,"train/global_step":25000,"eval/samples_per_second":131.553,"_runtime":4989,"train_samples_per_second":50.532,"train/grad_norm":0.7873525023460388,"train/loss":0.1955,"_timestamp":1.7671729510118172e+09,"train_loss":0.19548787109375,"val_loss":0.09540344774723053,"train/learning_rate":2.0000000000000002e-07,"eval/runtime":15.203,"eval/loss":0.09540344774723053}