{"train/learning_rate":7.462860607756711e-08,"total_flos":1.16275628998656e+16,"_timestamp":1.7668845325250094e+09,"_step":5,"train_loss":0.06098571064206473,"eval/steps_per_second":38.907,"train_runtime":4047.2329,"_wandb":{"runtime":10439},"train/epoch":3,"train/global_step":42879,"val_loss":0.046367816627025604,"train_samples_per_second":169.505,"eval/samples_per_second":311.252,"train_steps_per_second":10.595,"_runtime":10439,"eval/loss":0.046367816627025604,"train/loss":0.0322,"BLEU":81.90362588127202,"eval/runtime":40.8158,"train/grad_norm":1.0551985502243042}