{"epoch":7,"_timestamp":1.7668932632080872e+09,"_step":8,"train_loss":0.6611201968024495,"BLEU":57.21248424548516,"_wandb":{"runtime":6698},"_runtime":6698}