{"val_loss":0.0944366455078125,"_wandb":{"runtime":17726},"epoch":1,"_runtime":17726,"BLEU":64.23770871903807,"_step":572,"train_loss":0.1152,"step":28585,"_timestamp":1.7671011226743333e+09}