{"train_steps_per_second":12.429,"_step":3,"total_flos":3.8758542999552e+15,"_wandb":{"runtime":8500},"train/global_step":28585,"train/grad_norm":0.7788958549499512,"BLEU":64.23770871903807,"train/epoch":1,"_timestamp":1.7668740371293416e+09,"eval/steps_per_second":39.331,"train_loss":0.19144063552234564,"train_samples_per_second":99.427,"eval/loss":0.0944366455078125,"_runtime":8500,"eval/runtime":40.3757,"eval/samples_per_second":314.645,"train/learning_rate":1.7491691446562882e-07,"train_runtime":2299.9202,"val_loss":0.0944366455078125,"train/loss":0.1914}