{"eval/samples_per_second":74.736,"BLEU":46.09603493497927,"train_steps_per_second":11.267,"val_loss":1.3395520448684692,"train_loss":4.3831736246744795,"eval/loss":1.3395520448684692,"eval/steps_per_second":37.368,"_runtime":3,"train_samples_per_second":112.667,"train/epoch":3,"train/loss":3.3376,"_wandb":{"runtime":3},"train/grad_norm":Infinity,"total_flos":1.01695094784e+12,"_timestamp":1.767137627855493e+09,"train/learning_rate":0.0001666666666666667,"eval/runtime":0.0268,"train/global_step":6,"train_runtime":0.5325,"_step":5}