{"eval/steps_per_second":39.468,"train/loss":0.0323,"total_flos":1.16275628998656e+16,"_runtime":7848,"train_samples_per_second":168.539,"train/learning_rate":7.462860607756711e-08,"eval/runtime":40.235,"train/grad_norm":0.5742055773735046,"train/global_step":42879,"eval/loss":0.046516407281160355,"train_runtime":4070.4193,"train_steps_per_second":10.534,"_step":4,"_wandb":{"runtime":7848},"train/epoch":3,"_timestamp":1.7671510296844556e+09,"eval/samples_per_second":315.745,"train_loss":0.061227894765694235}