{"_wandb":{"runtime":3},"train/learning_rate":0.0005,"train_steps_per_second":4.631,"train_samples_per_second":30.874,"eval/loss":4.550384044647217,"train/grad_norm":Infinity,"eval/runtime":0.0379,"_step":3,"train_runtime":0.6478,"train/epoch":1,"train_loss":5.073251724243164,"BLEU":46.09603493497927,"_runtime":3,"eval/steps_per_second":26.384,"val_loss":4.550384044647217,"eval/samples_per_second":52.768,"train/global_step":3,"total_flos":3.3898364928e+11,"train/loss":5.0733,"_timestamp":1.7671376165202465e+09}