{"BLEU":21.401603033752966,"_wandb":{"runtime":4},"eval/samples_per_second":48.175,"train/loss":4.635,"train/epoch":1,"train_steps_per_second":3.276,"train_samples_per_second":21.84,"train_runtime":0.9157,"eval/loss":5.196918487548828,"_runtime":4,"train/grad_norm":Infinity,"train/global_step":3,"total_flos":3.3898364928e+11,"train/learning_rate":0.0005,"eval/runtime":0.0415,"train_loss":4.634963035583496,"_step":3,"val_loss":5.196918487548828,"_timestamp":1.766844395725617e+09,"eval/steps_per_second":24.087}