{"train/epoch":3,"_step":5,"_wandb":{"runtime":3},"train/global_step":6,"train_steps_per_second":8.603,"train_loss":4.130165894826253,"eval/runtime":0.0901,"eval/samples_per_second":22.196,"_runtime":3,"train/loss":3.0283,"train/learning_rate":0.0001666666666666667,"total_flos":1.01695094784e+12,"eval/loss":0.5873653292655945,"train_runtime":0.6974,"eval/steps_per_second":11.098,"train/grad_norm":27.50798988342285,"_timestamp":1.7668464886067545e+09,"train_samples_per_second":86.029,"val_loss":0.5873653292655945,"BLEU":44.833867003844595}