{"eval/loss":0.04602345451712608,"train/learning_rate":6.4e-08,"train/epoch":3,"train_steps_per_second":6.083,"_wandb":{"runtime":8062},"train_loss":0.06120295572916667,"val_loss":0.04602345451712608,"total_flos":1.01695094784e+16,"train_runtime":6164.6588,"eval/steps_per_second":14.841,"_runtime":8062,"train/grad_norm":0.3542899787425995,"_step":5,"train/loss":0.0316,"train_samples_per_second":97.329,"eval/samples_per_second":118.729,"train/global_step":37500,"eval/runtime":16.8451,"BLEU":94.57416090031765,"_timestamp":1.7671678645249214e+09}