{"_timestamp":1.7668519427800035e+09,"eval/steps_per_second":14.209,"val_loss":4.550384044647217,"total_flos":3.3898364928e+11,"train_samples_per_second":16.538,"train/loss":5.0733,"_wandb":{"runtime":6},"_runtime":6,"_step":3,"train_steps_per_second":2.481,"train/grad_norm":Infinity,"train_loss":5.073251724243164,"train_runtime":1.2094,"BLEU":46.09603493497927,"train/learning_rate":0.0005,"train/global_step":3,"train/epoch":1,"eval/runtime":0.0704,"eval/loss":4.550384044647217,"eval/samples_per_second":28.419}