{"total_flos":3.3898364928e+11,"val_loss":4.550384044647217,"train_steps_per_second":6.215,"train_runtime":0.4827,"eval/steps_per_second":37.556,"train/grad_norm":Infinity,"_runtime":3,"train/loss":5.0733,"eval/loss":4.550384044647217,"train_samples_per_second":41.436,"train/learning_rate":0.0005,"train/epoch":1,"eval/runtime":0.0266,"BLEU":46.09603493497927,"_wandb":{"runtime":3},"_step":3,"eval/samples_per_second":75.113,"train_loss":5.073251724243164,"train/global_step":3,"_timestamp":1.7671382180843806e+09}