{"_step":5,"train_loss":1.2104138635881834,"eval_loss":1.1767519343109516,"epoch":4,"BLEU":47.28708045015882,"_wandb":{"runtime":2043},"_runtime":2043,"_timestamp":1.7671151144899118e+09}