{"train_loss":1.2095649069516796,"epoch":4,"_timestamp":1.766886553498524e+09,"BLEU":38.82726777522234,"_wandb":{"runtime":2009},"_runtime":2009,"_step":5}