{"epoch":1,"step":28585,"_timestamp":1.7670832465177941e+09,"_step":571,"val_loss":0.0944366455078125,"_wandb":{"runtime":4615},"_runtime":4615,"train_loss":0.1152}