{"total_flos":3.3898364928e+11,"train/learning_rate":0.0005,"train/grad_norm":Infinity,"train_samples_per_second":14.956,"eval/runtime":0.0682,"_wandb":{"runtime":8},"eval/loss":5.196918487548828,"train_steps_per_second":2.243,"train/global_step":3,"train/epoch":1,"eval/samples_per_second":29.32,"val_loss":5.196918487548828,"train_loss":4.634963035583496,"BLEU":21.401603033752966,"train/loss":4.635,"_runtime":8,"eval/steps_per_second":14.66,"_timestamp":1.7668464748437412e+09,"_step":3,"train_runtime":1.3373}