{"BLEU":46.09603493497927,"_timestamp":1.7671382294391184e+09,"train_steps_per_second":10.698,"train_samples_per_second":106.979,"train/grad_norm":Infinity,"_wandb":{"runtime":3},"val_loss":1.3395520448684692,"eval/runtime":0.0283,"total_flos":1.01695094784e+12,"_step":5,"eval/loss":1.3395520448684692,"eval/steps_per_second":35.386,"train/learning_rate":0.0001666666666666667,"train_runtime":0.5609,"train/loss":3.3376,"eval/samples_per_second":70.773,"_runtime":3,"train/epoch":3,"train/global_step":6,"train_loss":4.3831736246744795}