{"train_loss":0.2303449416214798,"val_loss":0.2106517106294632,"_timestamp":1.7671364968808482e+09,"BLEU":100.00000000000004,"_runtime":18442,"_wandb":{"runtime":18442},"_step":1,"epoch":0}